particleCount,runIndex,avgFps
100,0,503.84789607168204
100,1,996.5467488745521
100,2,1193.9065776754467
100,3,1217.0414017494822
100,4,1290.2121282421233
100,5,1262.2125128952
100,6,1246.389664553397
100,7,1258.8566313601764
100,8,1276.251355250087
100,9,1288.900951679847
100,10,1299.6304175999949
100,11,1263.5842904883084
100,12,1304.9291650407586
100,13,1294.2696212519072
100,14,1293.3127646860949
100,15,1300.533092912723
100,16,1302.5856324804738
100,17,1306.2586115726976
100,18,1300.5714385758242
100,19,1273.3223060356702
100,20,1296.2021277656468
100,21,1313.1536964329568
100,22,1303.5775055167023
100,23,1304.0940402275394
100,24,1275.870889226804
100,25,1296.1358948634384
100,26,1309.9606130111838
100,27,1302.3360653171628
100,28,1301.2141954961724
100,29,1308.223822001054
100,30,1311.711948056207
100,31,1307.014583894941
100,32,1282.0520799427932
100,33,1310.3695811944874
100,34,1311.0406006582937
100,35,1289.5210297321391
100,36,1315.596395265877
100,37,1283.075612823566
100,38,1300.9838690509698
100,39,1316.8131594800689
100,40,1314.9335357993816
100,41,1327.785572843721
100,42,1319.43109683419
100,43,1312.188711753978
100,44,1316.6883570400846
100,45,1341.468998844918
100,46,1282.0560233827293
100,47,1288.6557826093722
100,48,1293.060306965057
100,49,1295.3819633008325
100,50,1302.700661308475
100,51,1329.1152651135494
100,52,1293.4406391586667
100,53,1316.0642087480308
100,54,1301.2451721918248
100,55,1311.6341953124213
100,56,1276.3821439047229
100,57,1288.0995700967685
100,58,1285.1355755948407
100,59,1296.9238587225923
100,60,1274.6540884375943
100,61,1293.314373013006
100,62,1298.9364957441096
100,63,1299.394969217458
100,64,1293.2717537013687
100,65,1280.913586982962
100,66,1328.9427110686872
100,67,1269.7141433946783
100,68,1270.0428639466581
100,69,1291.8292114412384
100,70,1305.8698851336758
100,71,1312.5620390651277
100,72,1322.9499867385448
100,73,1286.5809605811387
100,74,1298.1371731565205
100,75,1295.247630072271
100,76,1296.1827418253245
100,77,1271.6112782138753
100,78,1286.9176774848183
100,79,1289.3651550306627
100,80,1287.8044914658187
100,81,1300.649130732831
100,82,1304.6576277309996
100,83,1306.5860101071967
100,84,1318.9391417384
100,85,1297.10745038564
100,86,1310.012589976766
100,87,1315.2376958560483
100,88,1251.119541464688
100,89,1266.5272674795985
100,90,1092.7634774162213
100,91,1209.801142589968
100,92,1311.0538225413015
100,93,1318.486833514414
100,94,1302.4036583071647
100,95,1284.0952091462316
100,96,1298.2060415263657
100,97,1315.5697682067266
100,98,1281.769235936126
100,99,1309.29270497355
200,0,742.7101923405155
200,1,749.1966846605941
200,2,743.8693364900096
200,3,738.1000877913277
200,4,740.9943360245439
200,5,744.925374951741
200,6,747.9479974771139
200,7,737.5724363506902
200,8,751.8150188062189
200,9,737.0264649469145
200,10,750.604453105265
200,11,753.1314699605548
200,12,756.6043741190379
200,13,727.8626523175076
200,14,751.4991142788084
200,15,739.5221620214838
200,16,751.1416992703092
200,17,747.8950171134919
200,18,749.8462454693786
200,19,734.1615240063759
200,20,732.6949259115095
200,21,741.0619203550827
200,22,736.8243931383229
200,23,738.6221997163407
200,24,739.3547139550359
200,25,736.3048188672445
200,26,734.7694307656438
200,27,736.2480023078543
200,28,757.7764071416054
200,29,753.6425755879952
200,30,753.2825736768302
200,31,746.4928295415924
200,32,740.6431488728336
200,33,737.6728832157431
200,34,745.3297743836606
200,35,740.9916962618038
200,36,746.5204252295192
200,37,744.2393015600401
200,38,732.9869500131092
200,39,746.0010042321211
200,40,744.468918064753
200,41,743.3108279303332
200,42,736.8802544787617
200,43,742.8749187926996
200,44,742.0411625929914
200,45,745.273158736375
200,46,727.2231438765539
200,47,732.6476971967068
200,48,752.5287498543784
200,49,743.6846087464496
200,50,739.9957379091634
200,51,749.8724676031661
200,52,754.0928571091922
200,53,737.4552829098284
200,54,735.3193141969456
200,55,755.4955033488791
200,56,748.995158178415
200,57,746.7002490317128
200,58,745.2152167214831
200,59,742.2683649862021
200,60,756.8959406360691
200,61,744.0399005705141
200,62,746.01705796696
200,63,749.0253667523484
200,64,740.3647577832626
200,65,744.6994761683637
200,66,755.1065898297308
200,67,745.0780075181236
200,68,749.4447623179174
200,69,733.6951249839063
200,70,753.0605757582559
200,71,750.6334371829882
200,72,746.6737122032331
200,73,740.9645282024702
200,74,748.7737929172479
200,75,740.5703393350537
200,76,737.8437580369099
200,77,745.9343886153198
200,78,732.4526529223805
200,79,755.941683460323
200,80,747.5160365549716
200,81,742.9067584156513
200,82,727.1402657068415
200,83,745.6410469660655
200,84,736.1821805502802
200,85,743.5465166990539
200,86,742.8284909010653
200,87,741.5438157919598
200,88,746.4072390684694
200,89,753.8121876934363
200,90,742.8438777878966
200,91,755.8966296822435
200,92,761.2968398860983
200,93,749.8584101487568
200,94,746.565172088656
200,95,754.974483314338
200,96,755.8848176900306
200,97,748.9762790570388
200,98,751.4863532968574
200,99,735.6930688516751
300,0,531.4420808614676
300,1,524.8768936574179
300,2,537.9561700210476
300,3,538.4300570295798
300,4,535.8515608737678
300,5,539.1686589553452
300,6,541.6057360213644
300,7,533.3709428228914
300,8,543.9007673969145
300,9,538.8324640342282
300,10,539.8232545995926
300,11,544.0430296186964
300,12,541.5318478003913
300,13,540.160126314368
300,14,535.2617854737671
300,15,539.57119136022
300,16,536.5007512300183
300,17,540.334404650201
300,18,535.2770753695856
300,19,538.7330966015784
300,20,541.6744250243167
300,21,539.7879515696021
300,22,533.8071408954293
300,23,539.0632997671402
300,24,541.8865258352216
300,25,537.8201322623818
300,26,534.5331546759058
300,27,539.011054650279
300,28,538.3744508192351
300,29,537.5210356789925
300,30,533.031418870696
300,31,534.9874046474973
300,32,536.5716118017895
300,33,539.2869226810338
300,34,533.6703666956851
300,35,533.9521702075226
300,36,536.3423514486401
300,37,539.4896013379342
300,38,541.7974599597351
300,39,521.3065244769704
300,40,529.9738427333198
300,41,535.9599493620917
300,42,538.2517118604023
300,43,535.1319254561228
300,44,540.6491480747043
300,45,535.4464245951137
300,46,542.5492982985602
300,47,536.5017199007059
300,48,536.7403962176318
300,49,533.8522651120616
300,50,539.7457901125837
300,51,543.590041116837
300,52,536.1768579365904
300,53,540.2217142637492
300,54,540.1985645261991
300,55,537.9981914983871
300,56,533.0364730206664
300,57,544.7998332074357
300,58,540.6397327576213
300,59,543.8778701324238
300,60,530.4899074295112
300,61,535.5248658613197
300,62,536.5432376463499
300,63,540.27517669336
300,64,541.3983643001919
300,65,545.3534834453754
300,66,535.5583723866104
300,67,539.4795267519598
300,68,536.6365376210593
300,69,533.9410677948567
300,70,527.2136000831375
300,71,531.6197456864041
300,72,538.8658273313266
300,73,538.8172495089121
300,74,532.6340803867743
300,75,533.4397477240332
300,76,533.3368889125927
300,77,524.7785018431583
300,78,524.3782965873561
300,79,528.0730487510438
300,80,530.6784443263458
300,81,533.5945210104124
300,82,531.3796275693036
300,83,537.7983002988142
300,84,546.4202381446511
300,85,530.7021393419702
300,86,538.993455634749
300,87,530.0609544613931
300,88,533.0718547543217
300,89,537.2536317570622
300,90,538.5097932407183
300,91,533.8978961342713
300,92,541.4350058035064
300,93,537.9169373492281
300,94,529.0974335467614
300,95,538.0818365560899
300,96,538.374032770931
300,97,532.8648221858269
300,98,538.6594320561408
300,99,536.0196162563411
400,0,413.8151388300053
400,1,417.4073305557016
400,2,415.4337637799679
400,3,418.36156737552136
400,4,411.9699452079973
400,5,416.3333997865491
400,6,413.42855706079325
400,7,414.30846141374
400,8,414.43616656906823
400,9,418.350207797364
400,10,414.60758189695724
400,11,417.42743485623436
400,12,414.81909300603047
400,13,410.99206172784625
400,14,414.20920791051964
400,15,416.39015757765026
400,16,411.30527928122825
400,17,412.7700741696227
400,18,413.31387313847307
400,19,416.57712595029153
400,20,414.43682717526036
400,21,422.28778059551104
400,22,415.03264191821705
400,23,413.34861663346635
400,24,419.8322285825011
400,25,412.8974882731158
400,26,409.93888954255743
400,27,411.8167652981019
400,28,414.7012386607622
400,29,414.2101152499818
400,30,412.92207882444256
400,31,414.9295647089639
400,32,410.10256112992715
400,33,418.4055810476755
400,34,412.94437678950834
400,35,415.4340956748717
400,36,417.5067819761519
400,37,413.565176380577
400,38,416.1700470812374
400,39,421.1920342056531
400,40,418.1219689926377
400,41,419.896132231752
400,42,417.38496679682527
400,43,407.0922516057147
400,44,415.9017640033424
400,45,419.9738768172199
400,46,415.69521227036336
400,47,415.3290774083546
400,48,411.25054965217697
400,49,416.4547686073192
400,50,418.4032244405416
400,51,419.28281674196285
400,52,420.4588823556047
400,53,419.03557753074824
400,54,422.3250782316599
400,55,417.3905784511679
400,56,416.89908456577456
400,57,413.61649359401514
400,58,420.9427092925127
400,59,417.02580006299496
400,60,417.8465474625465
400,61,414.32463689823834
400,62,419.02367483762833
400,63,420.2741035785734
400,64,419.72912538741707
400,65,417.1572777198504
400,66,417.21367457935133
400,67,417.10131431030493
400,68,416.11826080972213
400,69,418.0434801396185
400,70,412.37399545793835
400,71,413.83967850854583
400,72,415.51160765636075
400,73,411.255672313062
400,74,415.23414214822185
400,75,417.65952837002544
400,76,418.40011039325987
400,77,418.6866283568402
400,78,416.7200088312586
400,79,415.56432236443317
400,80,417.78695837837597
400,81,417.9632570108313
400,82,417.35196997152576
400,83,420.99715199474724
400,84,415.5678925053729
400,85,418.51182426688496
400,86,416.98274493325874
400,87,413.11702155338753
400,88,417.35900439009504
400,89,421.1048860921406
400,90,419.0235904237799
400,91,408.50258859056197
400,92,412.7209776901383
400,93,418.6137404727639
400,94,416.49946615981884
400,95,415.6387268186493
400,96,409.08692192379414
400,97,397.65528677924266
400,98,418.71225047366823
400,99,418.31512321793736
500,0,342.6778395018914
500,1,343.02239672387225
500,2,335.5285179076248
500,3,339.29253916912154
500,4,341.6741243614965
500,5,341.84966306442584
500,6,340.9330255101497
500,7,338.5433748119497
500,8,340.6966952584356
500,9,344.9893857712777
500,10,341.90130328503045
500,11,343.2730691054898
500,12,343.8056308089515
500,13,344.01556802759
500,14,344.5119739442944
500,15,342.6598310423448
500,16,343.5132720811735
500,17,344.4533814640693
500,18,350.5560864457826
500,19,344.6560581090114
500,20,343.8571815646923
500,21,345.46823735129504
500,22,345.312695587269
500,23,340.6532287702615
500,24,341.3218509161948
500,25,345.83568116410953
500,26,342.95277391910105
500,27,335.441075178957
500,28,340.9345343407949
500,29,348.54176326272625
500,30,342.58352779340635
500,31,341.87747604351114
500,32,343.0982730775239
500,33,343.20442047293574
500,34,349.0620467857259
500,35,339.5630085282556
500,36,340.8451452016705
500,37,344.90008841381115
500,38,346.67429350112366
500,39,343.535966151137
500,40,339.79898929404476
500,41,340.8324669142618
500,42,344.2162485625248
500,43,340.819566189126
500,44,341.0356005095859
500,45,344.3771326961253
500,46,344.23083192813783
500,47,341.5282040722969
500,48,342.6748473696575
500,49,346.0794275580053
500,50,343.02924175859874
500,51,338.7054514805255
500,52,335.0757271143279
500,53,344.07025517606553
500,54,339.87383491085996
500,55,339.8587854067905
500,56,344.8122091372251
500,57,343.7782986973943
500,58,343.7062673020165
500,59,340.1248748855553
500,60,342.77033909379765
500,61,341.6044867121603
500,62,341.1978900191251
500,63,343.3235535638388
500,64,342.8227098948523
500,65,342.15928830868035
500,66,344.9432725862802
500,67,344.5625381006653
500,68,343.73216786094315
500,69,344.7409437548521
500,70,339.1104383246966
500,71,344.99602342323965
500,72,341.61705418030056
500,73,342.1382389815861
500,74,343.6578278313935
500,75,340.11302871633166
500,76,339.1268039141102
500,77,338.38541675987176
500,78,339.8847757928834
500,79,339.6216679930416
500,80,342.6563876339922
500,81,342.78988446827276
500,82,342.63753478882904
500,83,343.98649588398655
500,84,341.5748109596905
500,85,342.4528979088641
500,86,345.69026451454533
500,87,343.28564633590435
500,88,342.89278863495036
500,89,344.63076044931233
500,90,339.6953814330017
500,91,344.0535228186056
500,92,341.82022556848153
500,93,340.4963061061792
500,94,342.5643444537186
500,95,340.57882025461544
500,96,339.53025010483816
500,97,339.9866653306934
500,98,337.2048667092388
500,99,338.81408554404095
600,0,287.9753670301433
600,1,285.3803749953008
600,2,285.7669249239455
600,3,287.66435765309586
600,4,285.5650701199538
600,5,293.7558106805941
600,6,291.4634421468188
600,7,289.83604894383325
600,8,290.3046482100834
600,9,292.32254194687937
600,10,290.97233160885594
600,11,293.05965694267485
600,12,295.80531004662913
600,13,291.12713087914096
600,14,288.536393594714
600,15,290.99484281591793
600,16,287.64084721292613
600,17,287.8249360177621
600,18,287.19348998633626
600,19,284.8593944984886
600,20,287.49597090983076
600,21,289.87567399578285
600,22,286.3731011948918
600,23,286.0668788604416
600,24,285.1759377866755
600,25,287.93422696304697
600,26,290.79240791352396
600,27,287.2708359056503
600,28,291.16727279853745
600,29,285.51477834101365
600,30,285.53974562252466
600,31,287.12506367136325
600,32,287.16942208948615
600,33,285.2810738637961
600,34,287.3460005028555
600,35,288.0211850659354
600,36,286.4818840150546
600,37,285.9909662603533
600,38,288.31809914095066
600,39,289.1157242675538
600,40,292.36757576115366
600,41,289.9826874758987
600,42,290.1070160150231
600,43,288.00307941754147
600,44,290.28370207737066
600,45,289.83067757396117
600,46,291.0424819878985
600,47,291.39202734602105
600,48,288.0015640700326
600,49,288.68829062250217
600,50,289.91300658464917
600,51,290.3874899952435
600,52,289.91890633667947
600,53,290.7091724474232
600,54,292.2764541807477
600,55,287.2201002149594
600,56,286.8669945317358
600,57,288.28177547756025
600,58,289.88565265315754
600,59,288.63941623788213
600,60,290.9419693861908
600,61,288.07204460241627
600,62,290.30436458655214
600,63,285.37344476617557
600,64,287.69929227357267
600,65,287.5119860014837
600,66,289.51238598014
600,67,288.0072267659516
600,68,289.93919361776926
600,69,288.7878131542849
600,70,288.15685042345893
600,71,290.25133672601794
600,72,291.7959465334431
600,73,292.3418521936461
600,74,286.92631290859407
600,75,291.9841233632921
600,76,290.59865838423235
600,77,291.42395347977015
600,78,290.57032248835486
600,79,290.78000898622065
600,80,292.0712895466983
600,81,292.78553909700435
600,82,292.0240099894675
600,83,291.69000420426266
600,84,289.35523307285797
600,85,290.7962294354289
600,86,291.12977949718527
600,87,288.0006867708684
600,88,290.4560201408907
600,89,290.70628769747765
600,90,290.4575614272358
600,91,289.5397098143939
600,92,289.9002380805705
600,93,289.32383906027616
600,94,289.6100581573198
600,95,287.40662911680636
600,96,287.01008895656935
600,97,292.3208164745266
600,98,289.15282115842405
600,99,292.06070874990013
700,0,251.66004889464372
700,1,251.85732669915302
700,2,252.1744897134025
700,3,252.06701007565164
700,4,250.02455168975126
700,5,248.30199634805064
700,6,252.26771086093754
700,7,251.70953735908049
700,8,249.41606064359658
700,9,250.36332774268814
700,10,252.16782496158382
700,11,253.38716511170597
700,12,253.66413575714293
700,13,251.77428241908603
700,14,250.99980583716945
700,15,252.26917946174734
700,16,249.5331750157308
700,17,250.02437136600693
700,18,251.8463790363074
700,19,253.6803469078744
700,20,255.5702644980219
700,21,253.07221147882018
700,22,252.98845655026645
700,23,250.13059703287388
700,24,251.79223412222987
700,25,253.64406031460643
700,26,254.00894502269475
700,27,250.71734692832078
700,28,252.8885218763161
700,29,254.01601766388308
700,30,256.7146303395717
700,31,255.10876770813596
700,32,253.2097377647959
700,33,252.2278815853153
700,34,251.69324208485256
700,35,253.92047723377078
700,36,253.49450709089948
700,37,255.5836424502804
700,38,253.68362651476872
700,39,253.10768782963322
700,40,251.60510143858843
700,41,249.3666028344111
700,42,251.43988622345148
700,43,253.9184933843856
700,44,254.05327961409307
700,45,252.22142810197798
700,46,252.3854673535758
700,47,248.7660962428187
700,48,254.39164988762127
700,49,250.0983559880761
700,50,254.6550140776475
700,51,253.1898266380043
700,52,253.62850325894337
700,53,251.95510499199378
700,54,250.73505754670933
700,55,246.24001558888716
700,56,247.3911826690107
700,57,248.98601045765184
700,58,244.9299500342902
700,59,246.39610163460122
700,60,246.5108931148915
700,61,246.77332019739967
700,62,247.33631865098965
700,63,247.88859695769185
700,64,248.2046036464836
700,65,247.9128243158619
700,66,249.35604998917458
700,67,247.80221475612151
700,68,248.4494010099946
700,69,246.4733572965475
700,70,246.63667027214694
700,71,248.49487371801138
700,72,246.16570289243518
700,73,246.79492883881798
700,74,248.1660469475278
700,75,247.58742127344922
700,76,245.54727174551292
700,77,246.75932637551122
700,78,248.6586777096623
700,79,249.2318745520117
700,80,248.09885307955682
700,81,248.03293782016968
700,82,248.2905849761993
700,83,245.7986743415727
700,84,245.67267659200027
700,85,246.8000826780277
700,86,248.73471163455417
700,87,246.29206117800072
700,88,246.99705610383756
700,89,248.07734097347935
700,90,250.4527716512508
700,91,251.25354986235413
700,92,252.4039657516942
700,93,252.42687812272072
700,94,253.49666968750196
700,95,247.35570213759328
700,96,250.7718770431729
700,97,249.76779400401188
700,98,251.38151059983977
700,99,250.57608405478362
800,0,220.04269463014367
800,1,222.05760067403023
800,2,221.30399977188662
800,3,220.9012281577273
800,4,219.12758355898384
800,5,220.21837616474875
800,6,222.85920430478268
800,7,221.80432486442479
800,8,220.56833673658966
800,9,221.1277109273979
800,10,221.24470355602995
800,11,220.77203769300436
800,12,221.22458443280888
800,13,221.8143776240481
800,14,221.6691623985584
800,15,221.69654560543088
800,16,222.82458659343737
800,17,221.39577261802629
800,18,222.3045414039002
800,19,223.72649607951584
800,20,222.89746341615012
800,21,220.82465694146384
800,22,219.96122760361123
800,23,219.20284356673378
800,24,219.1356405366379
800,25,219.5717611713731
800,26,217.76702529824658
800,27,217.65673272967078
800,28,219.24325450168064
800,29,218.2410713957828
800,30,220.18629878052784
800,31,218.72217667262788
800,32,218.54673774338934
800,33,220.20872399207926
800,34,217.59516336166115
800,35,218.0345838490253
800,36,218.1254945182861
800,37,218.68007231581774
800,38,218.51530615675279
800,39,220.4399090346237
800,40,220.97700734238603
800,41,219.87052374532948
800,42,218.94430320080784
800,43,219.30125138776575
800,44,221.98910994
800,45,220.1951331158977
800,46,221.42476188854033
800,47,218.7777810968424
800,48,216.70456739256792
800,49,219.23787013782052
800,50,219.58054626150397
800,51,218.48225419906086
800,52,218.1802009020073
800,53,218.67772727396977
800,54,218.45416789547136
800,55,224.53422910976172
800,56,223.14891005704246
800,57,225.31486126995688
800,58,224.6839275052987
800,59,224.28511814326427
800,60,224.83542965347996
800,61,225.21215418024076
800,62,225.15023365831462
800,63,222.5319838908241
800,64,223.11633231933396
800,65,223.81600258593565
800,66,224.69713149265334
800,67,225.28223369067643
800,68,223.91876571670207
800,69,226.08260688897616
800,70,223.95910162251909
800,71,225.46384307889954
800,72,225.1152416871868
800,73,224.60694324852048
800,74,224.91249768464476
800,75,224.25051542579405
800,76,226.73690278262862
800,77,225.54417955051647
800,78,223.95439943882195
800,79,226.39633203111904
800,80,225.45118418234492
800,81,225.53806551230213
800,82,225.11034465367803
800,83,224.40080400218832
800,84,225.10167182362332
800,85,224.01851082187113
800,86,225.05929176221318
800,87,220.14106597172648
800,88,222.36797302505434
800,89,223.0659644664498
800,90,221.368628574518
800,91,221.582922348502
800,92,223.61078307098666
800,93,220.5823012184945
800,94,225.94642766748768
800,95,223.10982269955807
800,96,223.6185239994818
800,97,222.75161427987777
800,98,222.06580343567828
800,99,222.83575858273886
900,0,196.92313285390756
900,1,200.35956836384062
900,2,202.50510497845173
900,3,200.1812024846337
900,4,201.80172068953706
900,5,201.56708719569303
900,6,201.38553246334786
900,7,201.44890185651627
900,8,199.60395887582666
900,9,196.81913778456214
900,10,197.77591475401667
900,11,197.9174516757899
900,12,196.9995267275793
900,13,199.09947689484073
900,14,199.35705433083552
900,15,198.1247869920409
900,16,203.1753176372586
900,17,198.49551848651745
900,18,199.68858181649216
900,19,200.60495897387477
900,20,201.99357951754027
900,21,199.93996033691036
900,22,201.3435422253224
900,23,200.49454678930636
900,24,200.3866112841747
900,25,200.02890802391923
900,26,201.56741926255785
900,27,199.82580569668787
900,28,201.72427705122556
900,29,200.35806297677755
900,30,201.98237936796605
900,31,201.02942529553258
900,32,200.72436404876095
900,33,199.0538625397187
900,34,200.81399179211425
900,35,199.38191606021334
900,36,202.21100232007961
900,37,201.8618063778432
900,38,202.17929843394637
900,39,201.3545351914485
900,40,199.9803673120168
900,41,199.1433771040264
900,42,200.63580328546914
900,43,201.60915119445667
900,44,200.347487305386
900,45,201.89938790512008
900,46,199.78043361958925
900,47,201.71075937797445
900,48,200.65453896484448
900,49,202.53121171502843
900,50,197.99463796252095
900,51,201.2834529711857
900,52,201.61675311146507
900,53,201.5061031160981
900,54,201.25104616679647
900,55,200.1255980556259
900,56,201.11570873224102
900,57,203.94690203185044
900,58,201.4479068303431
900,59,200.20322552421723
900,60,200.8115683682776
900,61,201.03690583325013
900,62,203.27948446759052
900,63,203.0879126565754
900,64,202.90641985181784
900,65,200.49052706357043
900,66,200.05247530313721
900,67,200.08905887052998
900,68,200.88542181254473
900,69,201.48937458376219
900,70,200.67941559838647
900,71,201.55931323702998
900,72,200.77503022725998
900,73,198.95436092176703
900,74,199.57890769504303
900,75,201.26434649515073
900,76,202.94348053337836
900,77,201.30692715524955
900,78,201.98720449903195
900,79,199.91090509181726
900,80,202.09590947191464
900,81,202.22448882170107
900,82,201.25628430004565
900,83,201.8391819147435
900,84,201.348375863983
900,85,200.47736745458124
900,86,201.8242192556218
900,87,201.9762207957436
900,88,200.30012277049354
900,89,201.8661163744574
900,90,202.911388206556
900,91,201.76172909801838
900,92,201.11283077621914
900,93,201.9221630834058
900,94,201.215476914055
900,95,201.9609828858457
900,96,201.22264037189814
900,97,201.1209592696215
900,98,202.22053705108013
900,99,200.01890563309976
1000,0,182.67016889877024
1000,1,182.91324697307155
1000,2,182.95836105196483
1000,3,182.46401511363473
1000,4,176.68327772623573
1000,5,178.21567043535688
1000,6,180.05231558531113
1000,7,179.54708384891975
1000,8,179.331911035853
1000,9,179.72451687803306
1000,10,179.1606375810282
1000,11,178.29715586891663
1000,12,178.67893045541138
1000,13,178.10384481674998
1000,14,178.62918247778256
1000,15,178.74871943300218
1000,16,179.8756816899182
1000,17,179.69225282769085
1000,18,179.0167727527521
1000,19,178.72388397245453
1000,20,180.39644025785935
1000,21,178.89986217829846
1000,22,178.73466512427817
1000,23,179.53383349617974
1000,24,177.46611996863288
1000,25,178.0146589936643
1000,26,179.04242944049759
1000,27,181.8778167561759
1000,28,181.44221261799743
1000,29,179.05240132082136
1000,30,182.60674285933013
1000,31,182.09050580978143
1000,32,181.7659082309371
1000,33,181.8774032628631
1000,34,181.7735011289183
1000,35,181.98580283255652
1000,36,181.98647158066888
1000,37,183.4490664691532
1000,38,180.9553065622137
1000,39,181.70179102057702
1000,40,181.34434046981437
1000,41,183.32684638338438
1000,42,180.7833551374284
1000,43,181.9057000850759
1000,44,180.6988283939714
1000,45,180.97352270356348
1000,46,181.76455809584147
1000,47,181.7459123989945
1000,48,182.84949130919884
1000,49,181.92216687492964
1000,50,182.11145448653895
1000,51,181.7751532242193
1000,52,180.54793868939208
1000,53,182.73893687055005
1000,54,181.993318570292
1000,55,181.89967096273463
1000,56,181.12750653691782
1000,57,182.1004534388839
1000,58,181.1654635566944
1000,59,181.71752238292478
1000,60,180.54337828082257
1000,61,180.73117228668204
1000,62,181.71006115504522
1000,63,180.96453225671038
1000,64,181.99507020853574
1000,65,181.89353089535953
1000,66,181.12648131854505
1000,67,181.05476062166895
1000,68,180.81154829450378
1000,69,181.7377025173992
1000,70,181.31558579186662
1000,71,180.65995254375727
1000,72,183.19989980374712
1000,73,182.02741787981816
1000,74,180.62851254069895
1000,75,180.95636132948638
1000,76,180.90711524209416
1000,77,181.9883504707155
1000,78,181.53580160929744
1000,79,179.97393665903826
1000,80,183.30605333871267
1000,81,181.66345029198908
1000,82,183.97306280566173
1000,83,182.6510482457816
1000,84,181.55968146052197
1000,85,181.66400560922554
1000,86,183.1351218473685
1000,87,181.8870572318119
1000,88,183.11200256920225
1000,89,180.5507126588358
1000,90,180.47210287395748
1000,91,180.28912828819634
1000,92,181.2589883325855
1000,93,182.4993478719216
1000,94,181.72060230245245
1000,95,181.51306850460284
1000,96,181.9944332452731
1000,97,184.79612944506877
1000,98,182.64301299153803
1000,99,183.86104842696707
1100,0,167.57558968278988
1100,1,167.05731037569663
1100,2,167.32112285987836
1100,3,168.1056401705238
1100,4,165.4781411331243
1100,5,167.87565385751216
1100,6,166.49655468199117
1100,7,166.26733197047412
1100,8,164.9796833072208
1100,9,164.5705547198677
1100,10,164.77682958922878
1100,11,164.92185162203018
1100,12,165.99457485038542
1100,13,164.86719669885144
1100,14,164.58305573130423
1100,15,164.44133270845626
1100,16,164.30538240734873
1100,17,163.8328312802244
1100,18,165.79269472750536
1100,19,164.94467335364004
1100,20,164.91286852377056
1100,21,164.06871481741638
1100,22,165.00072782772972
1100,23,164.17246854538377
1100,24,165.28116551192346
1100,25,164.19700166802048
1100,26,164.80077329593624
1100,27,163.99055887430575
1100,28,165.30956520882174
1100,29,165.55801168648534
1100,30,165.1033705853105
1100,31,165.34671497016566
1100,32,163.82898585289448
1100,33,165.09185178847255
1100,34,165.03079887283965
1100,35,165.18773347658075
1100,36,164.38130551474782
1100,37,164.52490309839152
1100,38,167.47540647810976
1100,39,165.20946097395108
1100,40,165.42381422142168
1100,41,165.12010781072885
1100,42,164.6890520260633
1100,43,165.23615583167646
1100,44,164.80794209472955
1100,45,164.76060561245913
1100,46,165.44194554637443
1100,47,163.8358122558167
1100,48,164.76619162514044
1100,49,164.7683452124973
1100,50,164.52429145794625
1100,51,164.7983316070444
1100,52,164.71115720911834
1100,53,164.75443272593336
1100,54,163.85873454892882
1100,55,165.7453324560518
1100,56,165.82983722047507
1100,57,164.98430269543104
1100,58,164.55890184148532
1100,59,165.4850266681507
1100,60,164.8624009260194
1100,61,165.58707344511149
1100,62,164.6418229015984
1100,63,165.93843891339364
1100,64,164.67802121622952
1100,65,165.71002323366062
1100,66,164.84666961382925
1100,67,164.56360185418873
1100,68,165.27153915239063
1100,69,165.28932187274393
1100,70,164.3986242996658
1100,71,165.76924140568173
1100,72,165.44673561659374
1100,73,165.6433807909583
1100,74,165.42493251179707
1100,75,165.69382616837646
1100,76,166.12825404715983
1100,77,165.42045944101085
1100,78,165.27978649665732
1100,79,166.95892505422555
1100,80,167.8552106776573
1100,81,166.60808683613487
1100,82,166.98504881703536
1100,83,167.24346902192642
1100,84,166.59843873234286
1100,85,167.36196982463684
1100,86,167.82434535797458
1100,87,166.54404060984263
1100,88,166.30404921576445
1100,89,167.41477461142065
1100,90,166.34648966120577
1100,91,166.95814776630868
1100,92,166.75661903520393
1100,93,166.89661757525695
1100,94,166.5112828205346
1100,95,167.35488681901649
1100,96,167.46359478318698
1100,97,166.9028582836657
1100,98,167.07220499245483
1100,99,167.25593559552883
1200,0,153.95053732068186
1200,1,154.0140542267195
1200,2,154.37877202819936
1200,3,151.9051054648665
1200,4,151.72484524248148
1200,5,152.08073498279512
1200,6,151.85621961096044
1200,7,151.8436705170474
1200,8,151.9386606095735
1200,9,151.43591461431566
1200,10,151.98920993524237
1200,11,151.47810955610578
1200,12,151.7178619627127
1200,13,152.79268669558417
1200,14,152.14802657060469
1200,15,153.08394976609065
1200,16,153.3427201686298
1200,17,152.61855655276943
1200,18,152.12433590048028
1200,19,152.50204906298856
1200,20,151.77483152993702
1200,21,151.63050910818225
1200,22,151.95990654757978
1200,23,152.59162943944438
1200,24,152.6200571371339
1200,25,152.10246558096708
1200,26,152.50502331750482
1200,27,152.799634573797
1200,28,152.54928185225336
1200,29,152.08196925677615
1200,30,152.66477465101235
1200,31,153.27522630202884
1200,32,152.3517321000265
1200,33,151.71658932646076
1200,34,153.53295570131345
1200,35,152.38508296561886
1200,36,152.86263205347134
1200,37,152.3732723215123
1200,38,152.23780423316245
1200,39,152.1366866209535
1200,40,149.7654874074586
1200,41,152.68026162056447
1200,42,152.15342449079077
1200,43,152.92669341315323
1200,44,153.1648196314884
1200,45,153.2891654186128
1200,46,152.84925337916263
1200,47,152.97830745536103
1200,48,151.3421575512606
1200,49,152.90902060302022
1200,50,153.8675837766458
1200,51,152.14527767390936
1200,52,153.1139813602867
1200,53,152.83178936487664
1200,54,152.45199612801247
1200,55,152.74544890161704
1200,56,152.40657678342254
1200,57,153.11534517572562
1200,58,152.2604936944025
1200,59,153.50333729539224
1200,60,152.88772197661774
1200,61,151.27373943156564
1200,62,151.84161984640053
1200,63,152.00881475730807
1200,64,152.4815343395746
1200,65,153.21223821055767
1200,66,152.81724842405376
1200,67,152.5352979879714
1200,68,153.07129832941075
1200,69,153.31804575511717
1200,70,154.18983066175977
1200,71,153.29922032606154
1200,72,153.27504558458807
1200,73,153.92164603808274
1200,74,154.38986424603155
1200,75,154.8101907976059
1200,76,152.21906489632966
1200,77,153.68036773938766
1200,78,154.11673586977375
1200,79,154.10587696097878
1200,80,153.1411720851032
1200,81,153.99103298369474
1200,82,152.69901379929243
1200,83,153.71079284765943
1200,84,152.9190369423721
1200,85,152.9834381453759
1200,86,153.5620753648705
1200,87,153.84319532316687
1200,88,153.33917054271967
1200,89,153.74992367942488
1200,90,154.26075243796882
1200,91,153.06496776326676
1200,92,152.37416531190405
1200,93,151.69569901122847
1200,94,152.45192908493294
1200,95,152.1259157906993
1200,96,152.851668331868
1200,97,151.81667260917024
1200,98,153.9511754209251
1200,99,153.2748422779766
1300,0,140.65374780025653
1300,1,141.5012383399238
1300,2,141.10523798246373
1300,3,142.17329516618315
1300,4,140.5698987538546
1300,5,141.46853590131374
1300,6,141.1711846536063
1300,7,141.50299033915545
1300,8,141.94084451526928
1300,9,141.36304422053504
1300,10,141.29824282048682
1300,11,141.05664583978853
1300,12,143.32267577647644
1300,13,142.37445824122915
1300,14,142.88606354596635
1300,15,142.28917840176143
1300,16,142.42999959256804
1300,17,143.0987596089441
1300,18,141.49581896861656
1300,19,141.84391359359782
1300,20,142.87647435813776
1300,21,142.89747998920024
1300,22,141.7055033989223
1300,23,141.61162195688198
1300,24,141.3243079644197
1300,25,142.70772120811694
1300,26,141.6258828382181
1300,27,142.56958509577558
1300,28,142.26547092538354
1300,29,142.41694148115263
1300,30,142.16015777043665
1300,31,141.92511594190242
1300,32,141.04239415666785
1300,33,142.2440378377347
1300,34,140.97711236580741
1300,35,142.18858307709766
1300,36,141.33282562233669
1300,37,142.5769927756649
1300,38,141.13058079847883
1300,39,142.0112784264932
1300,40,140.689947561204
1300,41,141.3391737216772
1300,42,140.67940442021452
1300,43,141.74113584668078
1300,44,140.93643861479538
1300,45,141.57262410167746
1300,46,141.74577227901102
1300,47,141.45274828748666
1300,48,141.50704320693058
1300,49,141.14568358517093
1300,50,142.6399598029621
1300,51,141.6613498256203
1300,52,141.35742408171873
1300,53,141.29548806144834
1300,54,142.1265771096128
1300,55,143.19414082620543
1300,56,142.46360671277557
1300,57,142.2259468401805
1300,58,142.01286855070407
1300,59,141.99015448460543
1300,60,142.214219329743
1300,61,142.1053217691484
1300,62,142.7062525578209
1300,63,142.733016109205
1300,64,142.26419623977947
1300,65,142.69242914446215
1300,66,142.30625345674204
1300,67,142.0999336912521
1300,68,141.81359543758393
1300,69,142.492748968743
1300,70,142.0595215735824
1300,71,141.63943285392017
1300,72,142.4460158705407
1300,73,142.03317485253473
1300,74,140.53321002445009
1300,75,141.66173574855696
1300,76,141.15480236800755
1300,77,140.45704452177685
1300,78,140.89782123873437
1300,79,140.39471027830348
1300,80,140.34789408997042
1300,81,141.22945400014095
1300,82,140.74778213975605
1300,83,140.86701889290848
1300,84,140.68611264385325
1300,85,140.5017411745824
1300,86,141.148288831472
1300,87,140.3854336074089
1300,88,140.27639440299885
1300,89,141.2789041864811
1300,90,141.15196698998383
1300,91,140.01554845739554
1300,92,140.3584254834757
1300,93,140.94798497575795
1300,94,140.36463898923424
1300,95,141.29594878021857
1300,96,141.40788683453144
1300,97,140.45773690847793
1300,98,142.4817484647763
1300,99,142.0877416396734
1400,0,129.50454797558243
1400,1,130.87679271318288
1400,2,130.69589847995016
1400,3,130.13310990479386
1400,4,130.7808187042727
1400,5,131.14268721580103
1400,6,130.4023155940418
1400,7,130.20742857167897
1400,8,130.22610507493636
1400,9,131.01947069015702
1400,10,130.2182539322313
1400,11,130.3169471049777
1400,12,131.24353247015472
1400,13,131.89102884196822
1400,14,131.16771236131459
1400,15,132.1519709545216
1400,16,131.5341818131228
1400,17,131.4801210274514
1400,18,131.2943406395057
1400,19,133.2158813312929
1400,20,130.8994016072307
1400,21,130.697738043152
1400,22,131.40812843931556
1400,23,130.70315027267947
1400,24,131.35283569301123
1400,25,130.76987494627747
1400,26,131.22646716710636
1400,27,131.6519939042595
1400,28,131.6173968331589
1400,29,132.4071453515989
1400,30,133.0390526544905
1400,31,132.74774558588217
1400,32,133.13347949853227
1400,33,132.6481038399968
1400,34,133.3637419762955
1400,35,131.54270821771962
1400,36,132.92390215241502
1400,37,132.53714194103446
1400,38,132.40989315794795
1400,39,132.97828982375324
1400,40,132.5721820476105
1400,41,132.49367167545827
1400,42,132.86642708124398
1400,43,133.03935899078388
1400,44,132.43804366851597
1400,45,132.74627992910072
1400,46,132.5649072520461
1400,47,132.42463717081893
1400,48,132.34902984343364
1400,49,132.45292890359795
1400,50,132.23792017724966
1400,51,131.67556331344082
1400,52,131.43472502907676
1400,53,133.05029441855297
1400,54,132.36483005374012
1400,55,130.0755332362061
1400,56,131.74416094677434
1400,57,131.1540407992477
1400,58,131.81592919456665
1400,59,131.24581811702132
1400,60,131.6781141161787
1400,61,131.52489968697074
1400,62,131.5008188454835
1400,63,131.42007605936902
1400,64,131.78813435394795
1400,65,130.66954256927858
1400,66,132.2067370137867
1400,67,132.30457199439155
1400,68,132.03961594754168
1400,69,131.61818803898203
1400,70,132.69905735821058
1400,71,131.23841489737725
1400,72,131.50486773486975
1400,73,131.3380971597568
1400,74,133.0445669236239
1400,75,132.30581751860058
1400,76,131.53207741699836
1400,77,132.17420789363433
1400,78,132.63464632493307
1400,79,130.6300204241293
1400,80,132.34557720805552
1400,81,132.17508140046868
1400,82,131.63932924951848
1400,83,131.62901602184587
1400,84,132.13403905615385
1400,85,132.15596767744591
1400,86,132.07574366104691
1400,87,132.76142096080716
1400,88,131.6911197448991
1400,89,132.2005525601749
1400,90,130.74426992808247
1400,91,132.5064421701752
1400,92,131.30054005553382
1400,93,131.34260877362314
1400,94,132.1363810081396
1400,95,131.265191342682
1400,96,131.67775566407434
1400,97,131.776002842307
1400,98,132.5721904973146
1400,99,131.653427163406
1500,0,122.79984593342407
1500,1,122.85594231157472
1500,2,123.41278110227549
1500,3,124.01876857113982
1500,4,123.38958059229014
1500,5,123.06019708445545
1500,6,123.70532416415197
1500,7,123.83434227562154
1500,8,124.52271282308556
1500,9,124.52531458955947
1500,10,124.17496036997929
1500,11,124.38706479776697
1500,12,124.39614790582374
1500,13,123.66633585921825
1500,14,123.86007051449091
1500,15,123.69926211606023
1500,16,124.14180264521114
1500,17,124.49758043740788
1500,18,124.5622356046778
1500,19,124.76937161465602
1500,20,124.25451769712889
1500,21,123.86669418730526
1500,22,124.43694525725634
1500,23,123.86363304779391
1500,24,124.11036585886134
1500,25,123.32727745014688
1500,26,122.92768595664069
1500,27,122.27041583815723
1500,28,123.11772676849884
1500,29,123.86176693336247
1500,30,122.866479696964
1500,31,122.80706001256293
1500,32,123.49000811471842
1500,33,123.61832011617744
1500,34,123.05027431928943
1500,35,123.37748962279646
1500,36,123.23424727129458
1500,37,123.10155067117275
1500,38,123.34386401338992
1500,39,122.74795130423534
1500,40,122.9216490317438
1500,41,123.09743446008518
1500,42,123.50672648509119
1500,43,123.28957205537527
1500,44,123.5627219822122
1500,45,123.41185115700094
1500,46,124.20266961695778
1500,47,124.32007230646667
1500,48,122.52629426056205
1500,49,123.94154368596787
1500,50,123.67968958300679
1500,51,123.90194876320835
1500,52,123.81682015785454
1500,53,122.90548810230558
1500,54,122.60091956583949
1500,55,123.7027639063168
1500,56,123.00788581083339
1500,57,123.22358831236114
1500,58,122.97244743193919
1500,59,123.18365551880247
1500,60,123.82095513698914
1500,61,123.35888938094061
1500,62,123.84900067849009
1500,63,123.12178603304092
1500,64,122.77849142775919
1500,65,123.27142934526158
1500,66,123.83917887003537
1500,67,122.66737373399013
1500,68,124.70797798304632
1500,69,123.94392919655374
1500,70,123.94332357835816
1500,71,122.98627709659674
1500,72,123.26020881938646
1500,73,123.1395129240247
1500,74,123.63653569000422
1500,75,122.99273491375845
1500,76,123.33047301505533
1500,77,123.31470885990097
1500,78,123.21415740146554
1500,79,123.28433986007346
1500,80,123.52289187993766
1500,81,123.24564563653531
1500,82,123.94252594391172
1500,83,124.07960374701314
1500,84,124.01523407905243
1500,85,123.86175218169376
1500,86,123.58664118722082
1500,87,124.04855355808226
1500,88,123.90328467011972
1500,89,123.67460070941654
1500,90,124.05735791943405
1500,91,124.65648299113231
1500,92,125.04181085550482
1500,93,123.55704088015383
1500,94,123.77010892364635
1500,95,123.7961199320145
1500,96,123.78025125367672
1500,97,121.43717628672906
1500,98,122.38236333640917
1500,99,122.1659123508915
1600,0,114.53467617164982
1600,1,115.31023303477407
1600,2,115.18453337527231
1600,3,114.95846130752427
1600,4,115.12520474851618
1600,5,115.65242731370049
1600,6,114.52010295797717
1600,7,115.92787079348335
1600,8,114.5091707532127
1600,9,115.24193104255275
1600,10,114.62971048888855
1600,11,114.01160407913787
1600,12,115.12119688408983
1600,13,114.23970455854868
1600,14,115.41866901410484
1600,15,114.8980387622896
1600,16,115.1730020308101
1600,17,115.6279515007452
1600,18,114.62766372233388
1600,19,114.61545413067483
1600,20,115.24352091783487
1600,21,114.42666026757574
1600,22,114.98896658752331
1600,23,114.71693018377266
1600,24,115.78506728893719
1600,25,114.93109024682059
1600,26,115.01832413324983
1600,27,114.61034493911849
1600,28,114.47544160552688
1600,29,114.39564095410145
1600,30,115.02546071982823
1600,31,115.56442191481469
1600,32,115.80410977650585
1600,33,115.52009088765304
1600,34,115.88706337668495
1600,35,115.17625455458408
1600,36,115.18901132274753
1600,37,115.29591555904523
1600,38,115.49886486271876
1600,39,115.57031003180295
1600,40,114.94606680809086
1600,41,115.17672650466766
1600,42,115.65713464675726
1600,43,116.0458881148033
1600,44,115.7805171002814
1600,45,115.0567398440439
1600,46,115.90597796226146
1600,47,117.29927443631496
1600,48,116.12697122044254
1600,49,116.32627529250605
1600,50,116.80015857867684
1600,51,115.3642495841202
1600,52,115.91119686558291
1600,53,115.9480267429664
1600,54,116.17154873876794
1600,55,116.13591900279
1600,56,116.08133305570547
1600,57,116.27886825553914
1600,58,115.14382044428353
1600,59,116.61898463999019
1600,60,115.8772436592028
1600,61,116.07749802542689
1600,62,115.89214497527877
1600,63,116.1017692290904
1600,64,115.63706041030142
1600,65,115.56202060859738
1600,66,115.24509168107184
1600,67,116.01533722758148
1600,68,115.7635376134935
1600,69,115.65531468977075
1600,70,115.98651634442398
1600,71,115.90301347277803
1600,72,116.03657227296064
1600,73,115.28061768685117
1600,74,115.86441145502415
1600,75,116.19664472132888
1600,76,115.3061739249501
1600,77,115.99777128128294
1600,78,116.1022617557866
1600,79,115.40291596537203
1600,80,115.91033132188042
1600,81,116.49540814866337
1600,82,116.01189478881261
1600,83,115.68970419477519
1600,84,116.01291067524589
1600,85,115.95684353876203
1600,86,116.23322755923354
1600,87,116.96787111895121
1600,88,115.82474513265998
1600,89,116.06644781817118
1600,90,115.88808999155911
1600,91,115.91993053721085
1600,92,116.28059738038822
1600,93,115.88676637200042
1600,94,115.99022247036199
1600,95,115.35318761341908
1600,96,115.97199164890148
1600,97,115.81905032944672
1600,98,115.63095978922256
1600,99,116.50215498180859
1700,0,109.69379346715449
1700,1,109.79237101375836
1700,2,109.88393878767269
1700,3,109.694186846222
1700,4,109.34218009697915
1700,5,109.48391231286081
1700,6,109.70194508932428
1700,7,108.96242676926038
1700,8,108.63424453265522
1700,9,108.76045034983478
1700,10,109.45980585935183
1700,11,109.46379790120008
1700,12,109.56462861883936
1700,13,109.5121748580896
1700,14,110.46106661630775
1700,15,110.3753169376814
1700,16,110.34638472882429
1700,17,109.89720490196483
1700,18,110.52344167659385
1700,19,109.89294314012322
1700,20,110.16061099311804
1700,21,109.51257846734198
1700,22,110.10163439524241
1700,23,109.51948641258075
1700,24,109.65977107046601
1700,25,108.87931204606683
1700,26,110.44886631672784
1700,27,109.83105132922502
1700,28,109.6800038430186
1700,29,109.18596196087069
1700,30,109.60009927239761
1700,31,109.54132886376624
1700,32,109.2028037819871
1700,33,108.77041478185753
1700,34,109.44188846187845
1700,35,109.67756903886593
1700,36,109.73002509968813
1700,37,109.58906996550841
1700,38,109.29134598019861
1700,39,109.17714185475273
1700,40,109.42824844989362
1700,41,109.55673398102782
1700,42,108.73427397890022
1700,43,109.33101873959943
1700,44,109.35644834230082
1700,45,109.68279735006361
1700,46,109.85384790565752
1700,47,109.7464213960779
1700,48,109.52162009435288
1700,49,108.02662773276207
1700,50,110.10886166706086
1700,51,109.4760869225393
1700,52,109.99700363931431
1700,53,109.44797545713341
1700,54,109.93843447669305
1700,55,110.00853412358951
1700,56,109.59925034112767
1700,57,109.83309277421812
1700,58,109.884484463998
1700,59,109.99452565706922
1700,60,109.82420840241787
1700,61,110.07506484373891
1700,62,109.72196769890772
1700,63,109.00288354551164
1700,64,110.22581294584155
1700,65,109.69041515132609
1700,66,109.21520630621204
1700,67,109.26113679594134
1700,68,109.39061067781736
1700,69,108.20966434038432
1700,70,109.56451896330053
1700,71,109.34210537382805
1700,72,109.61125787718933
1700,73,109.70203766260822
1700,74,109.02480613109384
1700,75,110.67949065936935
1700,76,110.76079459794045
1700,77,110.91995786534756
1700,78,110.35181165577217
1700,79,109.57736746907152
1700,80,110.53101811236722
1700,81,110.11666702048704
1700,82,109.72360570969994
1700,83,110.56811652476117
1700,84,109.46007083434834
1700,85,110.01212407653945
1700,86,109.6584355885065
1700,87,109.93452975927721
1700,88,109.82941010887843
1700,89,109.863154876836
1700,90,109.57026174597156
1700,91,110.66652961042614
1700,92,108.77937409184912
1700,93,108.45265950166525
1700,94,108.2543865666299
1700,95,108.76409580067055
1700,96,109.02853790529132
1700,97,108.39309067003866
1700,98,108.96578893326684
1700,99,108.78536485382307
1800,0,102.9374589611116
1800,1,102.69262532166121
1800,2,102.57071807195454
1800,3,102.42570664627608
1800,4,102.81271872417325
1800,5,103.32824243031206
1800,6,102.11428611264364
1800,7,102.24787529652498
1800,8,103.03211629948267
1800,9,102.59904087654307
1800,10,102.99657645321979
1800,11,102.96217728968206
1800,12,102.69114487839516
1800,13,102.84753169879596
1800,14,103.41515112508475
1800,15,103.80712635922457
1800,16,102.8051166897385
1800,17,102.19070839827316
1800,18,102.52974397731413
1800,19,102.29368004071289
1800,20,102.14919951369123
1800,21,102.18281153451366
1800,22,103.60095502149596
1800,23,103.11396745614124
1800,24,103.30381493042091
1800,25,103.15721586212801
1800,26,103.22569887148009
1800,27,102.19573933188258
1800,28,102.99494953371266
1800,29,102.6911499483335
1800,30,102.27407386646644
1800,31,102.38061005750689
1800,32,103.76354363676055
1800,33,102.90143966534869
1800,34,103.16053629393492
1800,35,103.11568504087371
1800,36,103.51428509575943
1800,37,103.66438654854907
1800,38,103.96751015307717
1800,39,102.92244828159343
1800,40,103.95013512018284
1800,41,103.35264040158066
1800,42,103.513162071802
1800,43,104.33922246311094
1800,44,103.4998988388008
1800,45,104.25192477622174
1800,46,104.30721604341267
1800,47,103.46849269985013
1800,48,104.0531815811061
1800,49,104.51541253112661
1800,50,104.76001821817009
1800,51,103.77686417549306
1800,52,103.33498768674197
1800,53,103.37810831381657
1800,54,103.45035275824253
1800,55,103.19096733742944
1800,56,103.80634407481124
1800,57,103.34458861897843
1800,58,103.57207643041627
1800,59,103.69989251107296
1800,60,103.7424696932335
1800,61,103.0777836849277
1800,62,103.03669448773003
1800,63,103.86641221393104
1800,64,104.24935925486969
1800,65,104.01314726181388
1800,66,103.4820361901556
1800,67,104.3014886680695
1800,68,103.96978638007795
1800,69,104.33687769385403
1800,70,103.2096258457545
1800,71,104.03538243356564
1800,72,103.46941401838441
1800,73,103.82711228398033
1800,74,103.91664845627322
1800,75,103.89604162075427
1800,76,103.69608233708236
1800,77,103.04881308327548
1800,78,103.60279723567812
1800,79,102.97798469311472
1800,80,102.5961309716559
1800,81,103.26379112753536
1800,82,104.16428269845788
1800,83,103.60663668250751
1800,84,103.29770472996714
1800,85,103.5430180669126
1800,86,103.63925248993304
1800,87,103.71945960565861
1800,88,103.4178454353675
1800,89,102.94542195027033
1800,90,103.85872616773034
1800,91,103.64487637782284
1800,92,104.37346914730287
1800,93,102.94503982092316
1800,94,103.4611484734631
1800,95,102.68934508191597
1800,96,103.98988178450237
1800,97,103.65147709085585
1800,98,103.27043055279519
1800,99,103.37589388464491
1900,0,98.57083660481094
1900,1,99.16861892965879
1900,2,99.3328272453135
1900,3,98.91210945766205
1900,4,99.0562133533681
1900,5,98.46528596875356
1900,6,98.86378419480843
1900,7,98.55082434211047
1900,8,99.18907211102767
1900,9,98.76972337592066
1900,10,98.40070935557517
1900,11,98.57275652789787
1900,12,98.41325191213873
1900,13,98.80417027701698
1900,14,98.67099655239744
1900,15,97.92091304472274
1900,16,98.53508644937911
1900,17,97.97200770173025
1900,18,98.08513299117969
1900,19,98.13062110361282
1900,20,98.17365380675187
1900,21,98.84096612102336
1900,22,98.27705208154575
1900,23,98.79743571255608
1900,24,98.6423633382378
1900,25,98.35330094483477
1900,26,98.85751604426592
1900,27,98.62377164803642
1900,28,98.8731033120303
1900,29,98.68688558517668
1900,30,98.95136763872588
1900,31,98.22539763104898
1900,32,98.94103599446348
1900,33,99.08377046901589
1900,34,98.604027699578
1900,35,98.45892376538545
1900,36,99.66630475339754
1900,37,98.6781820309782
1900,38,98.22054128679204
1900,39,98.49549551213326
1900,40,98.6398419410348
1900,41,98.44665379350455
1900,42,99.42204245952159
1900,43,98.72948444032819
1900,44,98.46323505881948
1900,45,98.90434903344774
1900,46,98.60965132480645
1900,47,98.42225808010068
1900,48,98.38896582884993
1900,49,99.02648396661245
1900,50,98.27140132608753
1900,51,98.31552420088623
1900,52,98.29241037516087
1900,53,98.45040482759133
1900,54,99.01600465184806
1900,55,98.4467236859362
1900,56,97.98219333799284
1900,57,98.60154098090995
1900,58,98.05488339247268
1900,59,98.7213778011123
1900,60,97.97022647136679
1900,61,98.87027402466852
1900,62,98.30827992507585
1900,63,98.4362502470963
1900,64,98.50320123564688
1900,65,99.14508338578172
1900,66,98.24688355453445
1900,67,98.43180623168925
1900,68,97.1451787524999
1900,69,96.4468739782949
1900,70,97.4252109279236
1900,71,97.12938310934037
1900,72,96.63424324539415
1900,73,97.44955767270966
1900,74,96.91778608651059
1900,75,97.58717584402117
1900,76,97.59136534120546
1900,77,97.20673638944459
1900,78,97.34344588216867
1900,79,97.44569534109318
1900,80,97.45722845886011
1900,81,97.73001828725981
1900,82,96.12683714329896
1900,83,97.59277565724628
1900,84,97.84466087557988
1900,85,97.6513901708242
1900,86,96.94412541437788
1900,87,97.43016692785447
1900,88,98.15113462711629
1900,89,98.01134509591989
1900,90,97.19061645157713
1900,91,96.43572181280055
1900,92,97.12174116869205
1900,93,96.41532011624535
1900,94,97.1129306193942
1900,95,96.97783496983429
1900,96,97.36178581736483
1900,97,98.08498035541753
1900,98,97.67719406105755
1900,99,98.28577325717823
2000,0,93.13802468668122
2000,1,93.4655661395823
2000,2,92.60036287767204
2000,3,94.06827611155575
2000,4,92.75968721076705
2000,5,93.4266701701668
2000,6,92.22164105838698
2000,7,92.8023604637316
2000,8,93.17403022968698
2000,9,93.039129887322
2000,10,92.82487378160101
2000,11,93.4043883267686
2000,12,93.67584464761896
2000,13,93.84892065394108
2000,14,92.87084545286703
2000,15,94.04116308302017
2000,16,93.03925057599348
2000,17,93.1993884865508
2000,18,93.75188320714915
2000,19,93.98323402362965
2000,20,93.7256110639479
2000,21,93.33746830284257
2000,22,93.07554628857233
2000,23,93.65586853525733
2000,24,93.77659727468978
2000,25,93.25326524290749
2000,26,93.01924966290585
2000,27,93.51953252103527
2000,28,92.8918653387715
2000,29,93.52055849398448
2000,30,94.04544058661206
2000,31,93.5163916700274
2000,32,93.19208937157214
2000,33,93.03980408322178
2000,34,93.08873849587664
2000,35,93.22109632849607
2000,36,93.71318772526645
2000,37,93.14440185575891
2000,38,93.38734534123984
2000,39,93.92212329744139
2000,40,94.2715229251801
2000,41,93.64353534780086
2000,42,93.6776587791279
2000,43,92.85283597783122
2000,44,93.3630371426889
2000,45,94.47591597693571
2000,46,94.20215619677634
2000,47,94.46141823283396
2000,48,93.11495488849036
2000,49,93.15280737257893
2000,50,93.80205619518837
2000,51,93.6121709864108
2000,52,93.14083153447639
2000,53,93.76859029924262
2000,54,94.40707951427194
2000,55,94.46519348197431
2000,56,93.09902159642175
2000,57,93.97783270762018
2000,58,94.8565019503272
2000,59,93.9521424950464
2000,60,94.5070288466803
2000,61,93.08258138941773
2000,62,94.24812313698534
2000,63,94.08731347925159
2000,64,94.30989842687914
2000,65,94.15109412850691
2000,66,93.80316452191143
2000,67,94.02408246056683
2000,68,94.24603489260076
2000,69,94.37149356590582
2000,70,94.69160673628807
2000,71,94.0226288962096
2000,72,93.64367868926944
2000,73,94.29587479575083
2000,74,93.23552090461406
2000,75,94.44907784779068
2000,76,94.11732765612786
2000,77,93.80950194641186
2000,78,93.68565867143647
2000,79,93.44359737723589
2000,80,93.8331373438789
2000,81,93.37973587900859
2000,82,93.39957758244893
2000,83,93.05868969964682
2000,84,93.08077773643838
2000,85,93.24451972146248
2000,86,93.08573066010807
2000,87,93.07677079451405
2000,88,93.52599148005197
2000,89,93.71477951908548
2000,90,93.98674606136792
2000,91,94.2970247475288
2000,92,94.10077704621462
2000,93,94.50294110872032
2000,94,94.24179036203708
2000,95,94.15492133062088
2000,96,94.761208588099
2000,97,94.11363551834125
2000,98,94.72425087462818
2000,99,94.00430593954457
2100,0,89.96290760117367
2100,1,90.29622501437251
2100,2,90.40621031553115
2100,3,89.29977470697223
2100,4,89.10924386308278
2100,5,89.69656428522576
2100,6,89.32133392823633
2100,7,89.94829918793552
2100,8,89.51973908094818
2100,9,90.02209003593958
2100,10,90.36595910844771
2100,11,89.69630899688478
2100,12,89.74843728769693
2100,13,88.8292290528293
2100,14,88.88220373168514
2100,15,89.01876498446879
2100,16,88.88851282210386
2100,17,90.04438928648393
2100,18,89.28540767373738
2100,19,89.47778270957139
2100,20,89.20119217393339
2100,21,89.15002225750315
2100,22,89.86702618085704
2100,23,89.526015700625
2100,24,89.14585753771941
2100,25,89.75505973652317
2100,26,89.36055221384323
2100,27,89.11621521377458
2100,28,89.3788223411992
2100,29,89.73648837047467
2100,30,88.43434767955287
2100,31,88.2434633760566
2100,32,87.97963068519721
2100,33,88.28601987904051
2100,34,87.84840338905624
2100,35,87.81235445524423
2100,36,87.70992875971876
2100,37,88.16913485138541
2100,38,87.81729274485615
2100,39,88.56861870766804
2100,40,88.04552190528138
2100,41,88.34782641198196
2100,42,88.89809022113315
2100,43,87.89870249260012
2100,44,88.39744067309891
2100,45,88.47638475963646
2100,46,88.44628327669157
2100,47,88.24931517682872
2100,48,88.05441898561648
2100,49,87.28182167232809
2100,50,89.09691113859598
2100,51,88.76965682418871
2100,52,88.03324338423828
2100,53,87.90245059354017
2100,54,88.11562905641675
2100,55,88.44263155947746
2100,56,88.98553706942819
2100,57,89.1507329733244
2100,58,88.85755710668003
2100,59,87.95736402098103
2100,60,88.5153503277983
2100,61,88.4138307965861
2100,62,88.65042303939254
2100,63,88.92746592763383
2100,64,89.10162091269873
2100,65,87.87336198033098
2100,66,88.85181034495648
2100,67,88.84341169293768
2100,68,89.24996985668085
2100,69,88.16524065041533
2100,70,89.92107134731206
2100,71,89.92189159691162
2100,72,89.04205644684181
2100,73,89.60038872784033
2100,74,89.38706900015622
2100,75,88.98398006005905
2100,76,89.61445577679555
2100,77,89.11000737513835
2100,78,89.26433697905193
2100,79,89.11068309422109
2100,80,89.76168703638412
2100,81,88.80333408702317
2100,82,89.97938909618514
2100,83,89.03548924637495
2100,84,88.9637210650309
2100,85,88.59431657236767
2100,86,89.10593037236896
2100,87,89.29032905031664
2100,88,89.33209058651929
2100,89,89.13243374139132
2100,90,88.97908478166757
2100,91,89.1618613567349
2100,92,89.17466319737213
2100,93,88.92002229669559
2100,94,89.23390376964338
2100,95,89.46861492604903
2100,96,89.65427587103439
2100,97,89.69601889826122
2100,98,89.28851988309385
2100,99,89.08482982998675
2200,0,85.35926854329566
2200,1,85.46450513236952
2200,2,85.56630889116636
2200,3,84.85915949776759
2200,4,84.97995964187321
2200,5,85.27866052807909
2200,6,85.33176147852703
2200,7,85.45368718280967
2200,8,85.48445933627563
2200,9,85.01210094124336
2200,10,85.57819405077674
2200,11,85.06977930445312
2200,12,85.55135503886376
2200,13,84.76816010097191
2200,14,85.18502925532394
2200,15,85.4757016620216
2200,16,84.96819493403282
2200,17,85.00928317720233
2200,18,85.07531517234398
2200,19,85.71461303107723
2200,20,86.199190498429
2200,21,86.07408603493889
2200,22,85.5336522696807
2200,23,86.06440588437239
2200,24,85.52105863558141
2200,25,85.92322313872742
2200,26,85.32058162548259
2200,27,85.6795737177578
2200,28,85.40465278799998
2200,29,85.72628150590248
2200,30,85.44837225780563
2200,31,85.36258950041791
2200,32,84.84234762202195
2200,33,85.42377915456086
2200,34,84.46496762677076
2200,35,84.37774798143478
2200,36,84.92772201719346
2200,37,84.54537391695547
2200,38,85.47334480867778
2200,39,85.62724820412284
2200,40,85.58608880420803
2200,41,85.40808248712607
2200,42,85.01840423643439
2200,43,85.38878787741947
2200,44,84.86138565831975
2200,45,85.76347365818201
2200,46,85.59772231045372
2200,47,85.82423386707617
2200,48,85.62147814779337
2200,49,85.24497931661723
2200,50,85.57542665418636
2200,51,85.43593356501805
2200,52,85.85479156210853
2200,53,85.55901256014532
2200,54,85.47739123001966
2200,55,84.74515156894444
2200,56,84.86073130040747
2200,57,84.96522042653766
2200,58,85.22713769738891
2200,59,85.25101320624265
2200,60,84.62903918536087
2200,61,85.52019364074306
2200,62,84.46930675755672
2200,63,85.31119967069876
2200,64,85.25259955874401
2200,65,84.88377839571535
2200,66,84.93913906505367
2200,67,85.0683667470699
2200,68,85.83305956851473
2200,69,85.8605753872157
2200,70,86.34230381440788
2200,71,85.86029184821336
2200,72,85.78309719130056
2200,73,85.31867077284646
2200,74,85.94273164758043
2200,75,86.29953764607805
2200,76,85.12966824190659
2200,77,85.66429447957871
2200,78,85.72178754819326
2200,79,85.45757725632039
2200,80,84.79069030832218
2200,81,83.73278838317059
2200,82,84.83078705025409
2200,83,83.89849862829988
2200,84,84.39402009940967
2200,85,84.03390541838502
2200,86,84.5551656397076
2200,87,84.97640107292511
2200,88,84.28858710242785
2200,89,84.08488239516434
2200,90,84.19312867494911
2200,91,84.17271674929825
2200,92,84.63597456981934
2200,93,84.91653684234592
2200,94,84.40547562668122
2200,95,84.58737161782173
2200,96,84.08394423552818
2200,97,84.31428750596432
2200,98,84.05140034077994
2200,99,83.64882614154507
2300,0,80.4963279742387
2300,1,80.02621474119042
2300,2,80.5603155857409
2300,3,80.80111194760981
2300,4,81.18426294583577
2300,5,81.49067762319275
2300,6,80.78292009827398
2300,7,81.15219892026998
2300,8,81.4343342500438
2300,9,80.98194344049762
2300,10,81.02318887560966
2300,11,81.02492794235015
2300,12,81.07188254056206
2300,13,81.364059062014
2300,14,81.12569388795121
2300,15,81.3408857302902
2300,16,81.89619295310034
2300,17,82.49499774923504
2300,18,82.41367791284507
2300,19,82.00616733689624
2300,20,81.16134708014054
2300,21,80.97262132705951
2300,22,81.49034878065169
2300,23,82.11457667961812
2300,24,81.53836232943341
2300,25,81.29351743605248
2300,26,81.29056589763056
2300,27,81.02324568604777
2300,28,82.18030350687455
2300,29,81.51481169196728
2300,30,81.18499175211225
2300,31,81.78533614087712
2300,32,81.28267817671073
2300,33,81.72726487959785
2300,34,81.69994649831868
2300,35,81.32821804908542
2300,36,81.10761178559109
2300,37,81.38353575857575
2300,38,81.60640001330812
2300,39,81.57013409933964
2300,40,82.04560197114559
2300,41,81.20532121291859
2300,42,82.06904587198025
2300,43,81.48940057964037
2300,44,81.79234716195498
2300,45,81.60655689852396
2300,46,81.42672461900612
2300,47,81.65059504245065
2300,48,81.06727878698095
2300,49,81.60326563714732
2300,50,81.70135851683438
2300,51,81.46252809869749
2300,52,82.25294615817052
2300,53,82.0108524803374
2300,54,81.8068586476988
2300,55,81.75236509002644
2300,56,80.99546226816655
2300,57,81.8305461705055
2300,58,81.52107349144372
2300,59,81.15630567912709
2300,60,81.28171892078198
2300,61,81.57175596773868
2300,62,81.84864611321242
2300,63,81.85346144711805
2300,64,82.12585621634098
2300,65,81.66061252683218
2300,66,81.95998800074253
2300,67,81.60208110415148
2300,68,82.42211654843913
2300,69,82.40891398205102
2300,70,82.07040591273082
2300,71,82.08658413965644
2300,72,82.22895173069608
2300,73,82.08786053146207
2300,74,82.04150827002069
2300,75,81.42854161990887
2300,76,81.57947912130116
2300,77,81.60722927056712
2300,78,81.28267182394798
2300,79,81.19665443238678
2300,80,81.93589949742568
2300,81,81.61558361675456
2300,82,81.42340322345076
2300,83,81.55525878503053
2300,84,81.41786073005204
2300,85,81.79873209605672
2300,86,81.21242973416635
2300,87,81.70901635818436
2300,88,81.34132152038349
2300,89,81.45145234988223
2300,90,81.32148031054484
2300,91,81.61130536302024
2300,92,82.11420064036444
2300,93,81.58773817882911
2300,94,81.86975403806817
2300,95,81.95446586235975
2300,96,82.17876124683512
2300,97,81.27451251996744
2300,98,81.73643074061576
2300,99,81.07884129916057
2400,0,77.63827647654658
2400,1,77.64815099220525
2400,2,78.63785622618063
2400,3,77.72026436697386
2400,4,77.98766625058248
2400,5,78.30674022631175
2400,6,78.11138683763046
2400,7,78.37298290361201
2400,8,77.81893576394792
2400,9,78.14363190261861
2400,10,78.59243666441456
2400,11,78.42963065413065
2400,12,78.4555955662329
2400,13,78.16002287683746
2400,14,78.57827421785244
2400,15,78.5138387246484
2400,16,78.44092329341306
2400,17,78.68454868869362
2400,18,79.05035290851902
2400,19,79.13693562381496
2400,20,78.98284075001195
2400,21,77.64768720764059
2400,22,77.30664252122531
2400,23,77.45180868405319
2400,24,77.46695568793301
2400,25,78.3636494539278
2400,26,77.94594740844526
2400,27,76.82905225601863
2400,28,77.31684957925137
2400,29,77.6742506983494
2400,30,77.4802412347311
2400,31,77.56572501876494
2400,32,77.36953979816593
2400,33,76.84116038131835
2400,34,77.0670132508578
2400,35,77.48442348888146
2400,36,77.36290679220286
2400,37,76.9315041092889
2400,38,77.6776184639699
2400,39,77.66093043619233
2400,40,77.87610592962524
2400,41,77.60301884697509
2400,42,78.20759031735888
2400,43,78.16761285806122
2400,44,78.76509658039818
2400,45,78.30939945839262
2400,46,77.99075127178357
2400,47,77.80430563790571
2400,48,78.41720008898844
2400,49,77.11347076683934
2400,50,78.75540709824756
2400,51,77.85872339992275
2400,52,77.89486724505103
2400,53,77.59273320178879
2400,54,77.89367416109918
2400,55,78.52445007874152
2400,56,78.36958705406762
2400,57,78.22851527167296
2400,58,78.66644342541984
2400,59,78.4092482502015
2400,60,78.5475085353386
2400,61,78.62944343773975
2400,62,78.6393100670869
2400,63,78.74572596214783
2400,64,78.4219690097492
2400,65,78.27250769234358
2400,66,77.96718263823779
2400,67,77.88494738216522
2400,68,78.0257826445526
2400,69,78.04554152461814
2400,70,78.01489304308193
2400,71,77.9433011198916
2400,72,78.37217377884096
2400,73,78.20507031293796
2400,74,78.67895314172814
2400,75,78.17117924831797
2400,76,78.06181519991144
2400,77,78.14447154538132
2400,78,78.45384963610614
2400,79,78.722988978668
2400,80,78.60779844537205
2400,81,78.9651435707795
2400,82,78.55106221240351
2400,83,78.30860343871902
2400,84,78.72481841912465
2400,85,78.68883815476491
2400,86,78.4684764213546
2400,87,78.18888969709135
2400,88,78.15079880448816
2400,89,78.27411006288196
2400,90,77.82885337855988
2400,91,78.37482269109374
2400,92,78.40163491532378
2400,93,78.17963236403745
2400,94,78.89037052758921
2400,95,78.95019021112533
2400,96,78.87775461122956
2400,97,78.22564382525505
2400,98,78.88900911877298
2400,99,78.69238081452515
2500,0,75.58896248516157
2500,1,75.63821470976363
2500,2,75.93383373973145
2500,3,75.65754224582577
2500,4,74.93857648769738
2500,5,75.6133579285168
2500,6,75.27995820225091
2500,7,75.34070479345817
2500,8,75.64078931018182
2500,9,75.6486819926532
2500,10,75.42527434946335
2500,11,75.15194784454819
2500,12,74.87401007919367
2500,13,75.0738773874666
2500,14,75.19040252350558
2500,15,74.99612850514508
2500,16,75.21237914762824
2500,17,75.14242107941438
2500,18,75.07434616109677
2500,19,75.57502145258752
2500,20,74.6604939667501
2500,21,75.02995516851962
2500,22,74.98684665817152
2500,23,75.46655017727383
2500,24,75.10366562577079
2500,25,74.49893822895466
2500,26,75.5241841327538
2500,27,75.0479061814579
2500,28,75.57299499303474
2500,29,74.95893655756706
2500,30,75.4539571247399
2500,31,75.17023166308934
2500,32,75.21574896280917
2500,33,75.22185293194711
2500,34,75.8208232923902
2500,35,75.11805181043714
2500,36,74.63431785686694
2500,37,75.43532438223093
2500,38,75.443472509251
2500,39,75.31511591032547
2500,40,75.09261663399656
2500,41,75.38924591254369
2500,42,74.92794849222274
2500,43,75.22230451269093
2500,44,75.6642410942097
2500,45,76.33937432248806
2500,46,76.04179637337663
2500,47,75.41957486783353
2500,48,75.68265665336605
2500,49,75.44640604697142
2500,50,75.67416769875803
2500,51,75.58519108772104
2500,52,76.02575372407404
2500,53,76.10889748870642
2500,54,75.34000618802243
2500,55,74.66432909882488
2500,56,74.20550608422717
2500,57,74.45382570602808
2500,58,74.9528157610781
2500,59,74.90489958710114
2500,60,74.45251450839685
2500,61,74.0400573084282
2500,62,74.71597691247577
2500,63,75.03377151011706
2500,64,74.49109688140159
2500,65,74.56769468630249
2500,66,74.7855058211168
2500,67,74.4747871515954
2500,68,74.38939982524928
2500,69,74.58521655028743
2500,70,75.54771457448712
2500,71,73.94176098062701
2500,72,72.42332519928863
2500,73,74.18941906938433
2500,74,74.02658159304136
2500,75,73.27264409162335
2500,76,74.35461977406777
2500,77,75.06301865207749
2500,78,74.64480913537626
2500,79,74.22976095233358
2500,80,74.5328252057975
2500,81,74.50152124584596
2500,82,74.44505062281338
2500,83,74.87762727774683
2500,84,74.39461737775284
2500,85,74.58867751047379
2500,86,74.2500450944084
2500,87,74.40801714904465
2500,88,74.77597495378718
2500,89,75.01865728433327
2500,90,74.57282498855056
2500,91,74.22862981836147
2500,92,74.75134038497228
2500,93,74.64805059128075
2500,94,74.63492309427349
2500,95,75.30470528417462
2500,96,75.16881361567414
2500,97,75.32098508550344
2500,98,74.77416046592354
2500,99,74.49180651011116
2600,0,72.10028011998735
2600,1,72.53610205494778
2600,2,72.1198370951572
2600,3,72.21617662493601
2600,4,71.75964658374058
2600,5,72.08935503282994
2600,6,71.90296307962603
2600,7,72.11777415008423
2600,8,72.67216385001471
2600,9,72.40097721826673
2600,10,72.11044352325665
2600,11,72.04018318294656
2600,12,72.1807032801896
2600,13,72.04507638752409
2600,14,72.122937986132
2600,15,71.87836163088824
2600,16,71.97119020937146
2600,17,72.18934098003555
2600,18,72.23125363695648
2600,19,71.91125597848747
2600,20,72.1817578305495
2600,21,72.24928309085767
2600,22,72.44558352740681
2600,23,71.83002033480248
2600,24,71.79082665790818
2600,25,72.17847404711922
2600,26,72.38156218898547
2600,27,71.73479673238344
2600,28,72.13855402360936
2600,29,72.00066517537596
2600,30,72.01221659557538
2600,31,72.29816793314171
2600,32,72.2505604976174
2600,33,72.27926260696289
2600,34,71.87700793432322
2600,35,71.86720074592625
2600,36,71.55781782232772
2600,37,72.16503393855626
2600,38,72.31315601591223
2600,39,72.1205722822888
2600,40,72.08907520217953
2600,41,72.23205631572272
2600,42,72.40251957983426
2600,43,72.10717622404532
2600,44,71.79343097009838
2600,45,72.17441168659178
2600,46,72.50169864857182
2600,47,71.89272140460957
2600,48,71.86575311474121
2600,49,71.87056056756735
2600,50,71.90960271500236
2600,51,72.95112043451371
2600,52,71.76568531347337
2600,53,72.40202813396617
2600,54,71.75286134370134
2600,55,72.43110800477614
2600,56,71.96404371912531
2600,57,71.51884186238503
2600,58,72.21408810757566
2600,59,71.76310529721087
2600,60,71.97214650248759
2600,61,72.12810756409198
2600,62,72.29384584387024
2600,63,72.03200021609601
2600,64,72.46958759752691
2600,65,72.12518879981813
2600,66,71.82913230753505
2600,67,71.89301959219584
2600,68,72.75952096810461
2600,69,72.32736310360053
2600,70,71.89753743675394
2600,71,72.36226833724241
2600,72,72.97073473601328
2600,73,71.62952767489452
2600,74,72.36093663022285
2600,75,72.5353861963556
2600,76,72.32568562229002
2600,77,72.15065028028272
2600,78,71.79092577194487
2600,79,72.20560490453794
2600,80,72.0751963295429
2600,81,71.94707462502775
2600,82,70.3206421816276
2600,83,71.75310639205648
2600,84,70.07121829761638
2600,85,71.99165146044929
2600,86,70.79339278458085
2600,87,71.36256840471002
2600,88,70.98282754769825
2600,89,70.79052080892464
2600,90,71.00360800737727
2600,91,69.8359496465344
2600,92,71.14422175352925
2600,93,70.87604978333736
2600,94,71.41342305239715
2600,95,70.3034649062679
2600,96,71.1230792408897
2600,97,70.96743178315329
2600,98,70.07152517243743
2600,99,70.51626961204084
2700,0,69.13987535277126
2700,1,68.29941451968716
2700,2,69.1820805506255
2700,3,68.880537933158
2700,4,69.27235749518748
2700,5,68.52145459452166
2700,6,69.300676544523
2700,7,69.37867229567856
2700,8,68.91498035078189
2700,9,68.91530914827867
2700,10,68.45716378547579
2700,11,68.9147634374843
2700,12,68.77398079274974
2700,13,69.0106578998358
2700,14,69.40522094768357
2700,15,69.38039174037111
2700,16,69.40117761119345
2700,17,69.02389232166607
2700,18,68.7950737964426
2700,19,69.14414802990869
2700,20,68.92264169086857
2700,21,69.23321978974337
2700,22,69.55077455654776
2700,23,69.47865024627843
2700,24,69.42367899505487
2700,25,69.45124302365603
2700,26,69.40211082516106
2700,27,69.77874267763512
2700,28,69.35293015963211
2700,29,69.75845297215447
2700,30,69.35073343235152
2700,31,69.44226741823232
2700,32,69.03580970425092
2700,33,69.8307658105079
2700,34,69.17279480538916
2700,35,69.43220247525134
2700,36,69.37589313123958
2700,37,69.20039245937961
2700,38,69.98273108819312
2700,39,69.29402745116212
2700,40,69.03239580812725
2700,41,69.50298780981082
2700,42,69.56565479408366
2700,43,69.13491612405728
2700,44,69.44754445001769
2700,45,69.44216772807462
2700,46,69.50190092711192
2700,47,70.42242791815899
2700,48,69.61338100377341
2700,49,69.84407277174826
2700,50,69.95488716949343
2700,51,69.66548442999868
2700,52,69.66878855020255
2700,53,69.27068492588636
2700,54,69.76828978232328
2700,55,69.54355887557695
2700,56,69.93399642865909
2700,57,69.37939662740082
2700,58,69.4305754830023
2700,59,70.14185380603188
2700,60,69.81713583054683
2700,61,70.08843104519879
2700,62,69.68368665028407
2700,63,69.4601444036329
2700,64,69.18474985837915
2700,65,69.28810667650203
2700,66,69.70353578222631
2700,67,69.12203188998112
2700,68,69.48596388540523
2700,69,69.85281240016378
2700,70,69.15481708850108
2700,71,69.82511862633045
2700,72,69.61162203513058
2700,73,69.72520525608711
2700,74,69.67151655229428
2700,75,69.91375029692337
2700,76,69.28003158636517
2700,77,69.69540794715962
2700,78,69.30996432369552
2700,79,69.52443514822527
2700,80,69.30117296899752
2700,81,69.16231107591518
2700,82,69.41896393931795
2700,83,69.3739055057366
2700,84,69.56257680519485
2700,85,69.74474128842076
2700,86,69.66167901325036
2700,87,69.03653835130723
2700,88,69.29504781941311
2700,89,69.46923135935957
2700,90,69.10515731789063
2700,91,69.39879490327243
2700,92,69.14691785259726
2700,93,69.582836510208
2700,94,69.48823651016178
2700,95,69.43311566385385
2700,96,69.35950498654826
2700,97,69.76142665337264
2700,98,69.33796510940265
2700,99,69.1643072936921
2800,0,66.88386128763074
2800,1,66.69606210095995
2800,2,66.49192928634469
2800,3,65.82687815872094
2800,4,66.28808732639652
2800,5,66.63681465517834
2800,6,66.20505404926503
2800,7,66.91887145312688
2800,8,66.13472935268184
2800,9,65.68334281478703
2800,10,67.61519955878481
2800,11,66.81644686839665
2800,12,66.81225742814182
2800,13,66.42737270192029
2800,14,65.96436186552036
2800,15,65.75070455989355
2800,16,66.56498864650912
2800,17,65.91739504595917
2800,18,65.18043778378363
2800,19,65.87682882628141
2800,20,66.52776011522607
2800,21,66.79025003636536
2800,22,67.02600338249304
2800,23,66.46279629945376
2800,24,66.40622443420222
2800,25,66.92500146237563
2800,26,66.33893531622111
2800,27,66.47730011138783
2800,28,66.63527333709033
2800,29,66.74495721792643
2800,30,67.06950503092226
2800,31,67.2170384851477
2800,32,66.66456844210865
2800,33,66.76254795669371
2800,34,66.68140710464105
2800,35,66.67118406676657
2800,36,66.68473566523443
2800,37,66.75545355949868
2800,38,65.80574195594407
2800,39,67.14054333032783
2800,40,67.07801182449903
2800,41,66.95557137309396
2800,42,67.20809898951654
2800,43,66.61136855586649
2800,44,66.96451495621858
2800,45,66.65791140638002
2800,46,66.88275154610895
2800,47,67.37501125616174
2800,48,67.05929237551643
2800,49,66.97843841702901
2800,50,67.22918750003838
2800,51,67.1031381685876
2800,52,66.96055698048838
2800,53,67.17815945020361
2800,54,67.56967472998119
2800,55,67.07474554888925
2800,56,67.06497890338893
2800,57,67.25408149015387
2800,58,66.79571298691386
2800,59,67.03292425202214
2800,60,67.10101238007226
2800,61,66.9893750986322
2800,62,67.16127284690081
2800,63,67.03936686990554
2800,64,67.02341382404956
2800,65,67.18936764435918
2800,66,67.15514718051374
2800,67,66.79807260584387
2800,68,66.82560021918796
2800,69,67.3433202613905
2800,70,66.9002901993069
2800,71,67.06088147917734
2800,72,67.39079152137012
2800,73,67.48302745083025
2800,74,67.17047320338925
2800,75,67.52664664782955
2800,76,66.9222366827162
2800,77,67.18487740762498
2800,78,67.43078934579265
2800,79,67.12948140926468
2800,80,67.6760264021098
2800,81,67.74011297227071
2800,82,67.28726443917569
2800,83,67.49541955964041
2800,84,67.63936847983315
2800,85,73.38085496316351
2800,86,104.94065126874509
2800,87,103.77079625377446
2800,88,74.29781686938361
2800,89,67.21744251268625
2800,90,67.59658333069555
2800,91,67.04505001883064
2800,92,67.37950075223706
2800,93,67.403285197234
2800,94,67.23357065275329
2800,95,67.55871014312183
2800,96,67.23038265109632
2800,97,67.49930083055942
2800,98,67.7934370477314
2800,99,67.68088644260085
2900,0,65.4237681467211
2900,1,64.91392818834277
2900,2,64.94941658249785
2900,3,64.91748987037475
2900,4,64.93332159538674
2900,5,64.73877701167112
2900,6,65.02566684993693
2900,7,64.97739395853311
2900,8,65.42388955843529
2900,9,65.36963669630153
2900,10,65.30357796733885
2900,11,65.16229075777541
2900,12,65.03125971365361
2900,13,65.22647242724919
2900,14,65.82114969612306
2900,15,65.36802607228861
2900,16,65.23088676215987
2900,17,64.97345022390226
2900,18,65.13467815984764
2900,19,64.93864515632323
2900,20,64.24009389183877
2900,21,64.56882752973914
2900,22,64.91313810707048
2900,23,64.44278538696638
2900,24,64.71810210431843
2900,25,64.322556841426
2900,26,64.64715381425822
2900,27,64.83112909052866
2900,28,64.51865254407127
2900,29,64.89279709919214
2900,30,65.25637189254961
2900,31,64.43197375983087
2900,32,65.00750024034024
2900,33,64.50664711536353
2900,34,64.95057869872701
2900,35,64.30759808184038
2900,36,65.03052370206265
2900,37,64.49182257642289
2900,38,64.7523949358148
2900,39,64.92368626452644
2900,40,64.8689282761101
2900,41,64.66822371996868
2900,42,65.15067314740459
2900,43,64.76938859191847
2900,44,65.11994483338827
2900,45,46.63484316926448
2900,46,46.62902210063206
2900,47,65.19863579377521
2900,48,64.2154893996744
2900,49,64.71177174639867
2900,50,65.11373945920472
2900,51,64.99461560231369
2900,52,64.75333834590586
2900,53,64.68813446075629
2900,54,64.63565688161545
2900,55,64.42268217333016
2900,56,63.86074819989445
2900,57,64.38454212576895
2900,58,64.62204584822307
2900,59,64.1122734132012
2900,60,64.38102672570943
2900,61,64.05119760034653
2900,62,64.63169025386738
2900,63,64.55714604775565
2900,64,64.77928886542439
2900,65,64.5134476420645
2900,66,64.8281668660808
2900,67,64.65145190065633
2900,68,64.62721407242672
2900,69,64.29299007965345
2900,70,64.98626555893827
2900,71,65.11877257124667
2900,72,65.3320091037642
2900,73,65.52763878620004
2900,74,64.27671223504436
2900,75,65.02591282626126
2900,76,64.78089078334236
2900,77,64.78077174641454
2900,78,64.39586416324029
2900,79,64.67104466838383
2900,80,65.02758998716425
2900,81,64.88451570025912
2900,82,65.63389420125492
2900,83,65.81051198268626
2900,84,65.66293711706749
2900,85,65.07619812711327
2900,86,65.0363858254823
2900,87,65.04059346039347
2900,88,65.0855692182056
2900,89,65.00832309686649
2900,90,64.94998445259748
2900,91,64.71642878815749
2900,92,64.56725812965416
2900,93,64.0206934579931
2900,94,63.96930654257769
2900,95,64.21383999040991
2900,96,64.09289328138851
2900,97,64.25278627728531
2900,98,64.33756435303012
2900,99,64.10289006955317
3000,0,62.370807343622815
3000,1,62.679574721496266
3000,2,62.8744315985129
3000,3,62.73350700662397
3000,4,62.437603671187006
3000,5,63.04883938908342
3000,6,62.80918804207274
3000,7,63.40421497808744
3000,8,63.66537284141099
3000,9,63.655062032623036
3000,10,64.00546508201855
3000,11,63.34328604564158
3000,12,62.89077127820806
3000,13,63.178184014175976
3000,14,62.74268864426413
3000,15,63.050593857780896
3000,16,63.170491751300446
3000,17,63.09480312677217
3000,18,62.84764492047506
3000,19,62.994388593121485
3000,20,63.30171392433802
3000,21,62.93198800879378
3000,22,63.124387059925525
3000,23,63.22950663292724
3000,24,63.31069265854686
3000,25,63.17624398276649
3000,26,63.39623184379924
3000,27,63.03001271024449
3000,28,62.151861799359146
3000,29,61.92747233077559
3000,30,61.81941615306273
3000,31,62.326738035775854
3000,32,62.03490966822418
3000,33,62.18346040134819
3000,34,62.22920199844295
3000,35,61.75916284029559
3000,36,62.03192365588005
3000,37,62.3686790730563
3000,38,62.80509348100341
3000,39,62.34544773323342
3000,40,62.44142176595688
3000,41,62.4119425252022
3000,42,62.61130815612226
3000,43,62.52192212467767
3000,44,62.25548820289926
3000,45,62.442973879053305
3000,46,62.68737648627852
3000,47,62.58254389315475
3000,48,62.25991581202211
3000,49,62.39282232971919
3000,50,61.91663847425496
3000,51,62.254470836249645
3000,52,62.25403669540249
3000,53,62.141909115964125
3000,54,62.76292725447829
3000,55,63.13081302380175
3000,56,63.4092830214816
3000,57,63.32518539133031
3000,58,63.3246513612608
3000,59,63.07991634026096
3000,60,63.01654441810508
3000,61,62.903856747353466
3000,62,63.05116532345961
3000,63,62.65797982057586
3000,64,62.24150325678666
3000,65,62.26725368720931
3000,66,62.2248811392586
3000,67,62.29282208496171
3000,68,62.25362864579173
3000,69,62.27833739953988
3000,70,62.571522935817356
3000,71,62.32096206307313
3000,72,62.38681142806411
3000,73,63.344613242611665
3000,74,63.25338237578914
3000,75,62.828076586700426
3000,76,63.36972857922662
3000,77,62.972229277163876
3000,78,63.03051886207974
3000,79,63.17768316379743
3000,80,63.000122153602234
3000,81,62.76772282111582
3000,82,62.48888231153346
3000,83,62.7441422083917
3000,84,62.92131568471097
3000,85,62.869950364174194
3000,86,64.01739303324565
3000,87,62.718169903100126
3000,88,63.0446428208792
3000,89,62.75663087165219
3000,90,62.380479900229616
3000,91,62.71360502615775
3000,92,62.75970789338803
3000,93,62.678987306450374
3000,94,62.90281998180657
3000,95,62.61593166651128
3000,96,63.01700453274042
3000,97,63.158702759112224
3000,98,62.78041794252272
3000,99,62.755436121769556
3100,0,60.15512850812852
3100,1,60.049521223435086
3100,2,59.78082051935278
3100,3,59.90628123118928
3100,4,59.94816789176128
3100,5,59.98773769888711
3100,6,59.95745442094849
3100,7,59.88002576222954
3100,8,60.11613686190008
3100,9,60.80270918163587
3100,10,60.70516461737608
3100,11,59.936500735345945
3100,12,61.07385931941875
3100,13,60.41271351864294
3100,14,60.46818363315232
3100,15,60.28696129832145
3100,16,60.09459640656849
3100,17,59.88812035347005
3100,18,60.014586429819104
3100,19,60.6033288651004
3100,20,60.05483179377864
3100,21,60.09893035172524
3100,22,59.866236378092694
3100,23,59.71605646761783
3100,24,60.339508366449955
3100,25,59.94861884578791
3100,26,60.53955881796511
3100,27,60.89430429223457
3100,28,60.475715351391095
3100,29,61.17107314060524
3100,30,60.802830044338705
3100,31,60.4797369038399
3100,32,60.373120980942474
3100,33,60.608612454691055
3100,34,60.05368395137765
3100,35,59.29959480985998
3100,36,59.64918650123997
3100,37,59.614114398224466
3100,38,59.93382729180184
3100,39,59.54545405097743
3100,40,59.36802791370503
3100,41,59.535948764736396
3100,42,59.62969557693006
3100,43,59.71278209229741
3100,44,59.86262161501698
3100,45,59.73959968034719
3100,46,59.953391426440206
3100,47,60.406576336182574
3100,48,60.21316967393816
3100,49,60.533806311900726
3100,50,60.62762474986368
3100,51,61.20918869986563
3100,52,60.058381366563786
3100,53,60.40981495689513
3100,54,60.41461914115798
3100,55,60.01988043116435
3100,56,60.10978358397187
3100,57,60.057292347003184
3100,58,60.139252439022556
3100,59,60.07422517101947
3100,60,60.63445739025739
3100,61,61.26507971455774
3100,62,61.088117406662576
3100,63,61.07799130930658
3100,64,60.92736011649311
3100,65,61.079062059351635
3100,66,61.095052446284086
3100,67,60.867699490080845
3100,68,60.916627131873284
3100,69,60.46067839497246
3100,70,60.227011241226876
3100,71,60.100465440542045
3100,72,60.26915742095294
3100,73,60.0124999112796
3100,74,59.91247593779587
3100,75,60.21844298093684
3100,76,60.19121824016157
3100,77,60.36453037077375
3100,78,61.19990835313724
3100,79,60.87221870662397
3100,80,60.913417785101444
3100,81,60.792581528039655
3100,82,60.85708010245875
3100,83,60.520242479006896
3100,84,60.74041869538692
3100,85,60.85939314992419
3100,86,60.54027068952108
3100,87,60.229458019430716
3100,88,60.38132139819104
3100,89,60.47382345487128
3100,90,60.0260674741481
3100,91,60.41458755527463
3100,92,60.06529270582391
3100,93,60.154904083728454
3100,94,60.30085604602765
3100,95,60.76873383201091
3100,96,61.24069406433995
3100,97,61.01456843090389
3100,98,61.08375801962932
3100,99,61.34063074506247
3200,0,59.33966027245691
3200,1,59.150918706190815
3200,2,59.32156211013185
3200,3,59.407471592018275
3200,4,59.29000222337508
3200,5,59.38101232749816
3200,6,58.58876179102352
3200,7,58.39648857422166
3200,8,58.3836213732333
3200,9,58.33231882774026
3200,10,57.985581996547296
3200,11,59.37472025372188
3200,12,59.13898976161926
3200,13,59.294163418933394
3200,14,59.450930074073284
3200,15,59.653509473321456
3200,16,59.01182988591708
3200,17,59.356836148221895
3200,18,59.08414966276443
3200,19,59.131215749735766
3200,20,58.96433511007805
3200,21,59.149764787263464
3200,22,58.660274351282936
3200,23,58.49277559384439
3200,24,58.53007622838942
3200,25,58.9700289080721
3200,26,58.609820701005575
3200,27,58.68154860832475
3200,28,58.438000568534314
3200,29,58.94243443816015
3200,30,59.219356211004374
3200,31,59.474609874437945
3200,32,59.167462037601666
3200,33,58.95669384239566
3200,34,59.11818743182579
3200,35,59.231899521739436
3200,36,58.97067090847239
3200,37,59.20775357414151
3200,38,58.276315468747505
3200,39,57.744908092871135
3200,40,57.84666512167865
3200,41,57.87167940024462
3200,42,58.13109372115716
3200,43,57.681404968165964
3200,44,58.06471748248804
3200,45,58.158239286147875
3200,46,58.06801948215554
3200,47,57.884526492050206
3200,48,59.041656272875095
3200,49,59.16374436643111
3200,50,59.13677537228519
3200,51,58.36217771732055
3200,52,58.12715426779069
3200,53,58.55100396252364
3200,54,58.56626516676209
3200,55,58.26742321313072
3200,56,57.75883288059295
3200,57,58.443611229613964
3200,58,58.730004868660934
3200,59,58.71628087011995
3200,60,58.675511473446186
3200,61,58.218470576706856
3200,62,58.00286110266785
3200,63,58.907654406803736
3200,64,59.068357396163435
3200,65,59.21293652353277
3200,66,59.28995321196053
3200,67,59.40650954825405
3200,68,58.9058026265361
3200,69,59.25339469250251
3200,70,59.180411056323386
3200,71,59.08970379524644
3200,72,58.65514469068012
3200,73,58.27378154425633
3200,74,58.238544968192514
3200,75,58.51346102170804
3200,76,58.28136111635706
3200,77,58.62056234592727
3200,78,58.29582198047891
3200,79,58.23650837190406
3200,80,58.66583677071419
3200,81,59.0291732958604
3200,82,58.87592832195396
3200,83,58.863307090580584
3200,84,58.73859433460609
3200,85,58.85521235767048
3200,86,59.2850558592062
3200,87,59.040101058486826
3200,88,59.28386290686508
3200,89,58.41247146705225
3200,90,58.28037477867468
3200,91,58.48273023252087
3200,92,58.91257303353443
3200,93,58.96386541248257
3200,94,58.683146248359655
3200,95,58.96654663383515
3200,96,58.47073064856353
3200,97,58.92223248293727
3200,98,59.057977557287096
3200,99,59.33326525221487
